Rachel Martinez,83746,71
John Smith,94267,28
Jasmine Nguyen,87654,68
Joseph Moore,89562,22
Heather Hernandez,57319,90
Ananya Reddy,56789,83
Daniel White,83756,58
Lauren Smith,36215,98
Yusuke Sato,45678,74
Jessica Anderson,61349,12
Emily Johnson,54329,42
Jonathan Robinson,52347,60
Lauren Garcia,39478,55
Kevin Davis,62194,64
Yuki Tanaka,98765,94
Megan Wilson,68253,52
Jennifer Wilson,73185,65
Amber Wilson,53819,94
Priya Verma,12389,95
Laila Ahmed,34567,88
Brian Martinez,39420,87
Rebecca Garcia,52486,37
Sofia Rodriguez,45678,82
Nicholas Robinson,84962,76
Ahmad Mahmoud,23498,79
Daniel Brown,14529,80
David Miller,28941,79
Ryan Johnson,67314,92
Megan Garcia,28479,93
Chen Wei,56789,76
Andrew Johnson,59841,63
Hafsa Ali,12345,89
Luis Ramirez,87654,63
Melissa Taylor,48293,78
Michael Davis,81576,91
Katie Davis,35249,81
Ahmed Khan,34567,91
Ryan Brown,65489,84
Matthew Thompson,32975,15
Sara Davis,46812,90
Brandon Johnson,96714,76
Olivia Hernandez,41326,77
Christopher Taylor,46781,57
Emily Thomas,67251,67
Kimberly Moore,72104,85
Samantha Miller,78192,59
Tyler Martinez,71963,49
Ashley Anderson,19486,35
Nicholas Smith,53289,42
Joshua Smith,43529,82
Yuna Kim,65432,87
